prime,
1000003,
1000099,
1000231,
1000999,
1002887,
1005679,
1010003,
1010203,
1015423,
1015823,
1023467,
1023487,
1023571,
1023947,
1025327,
1030031,
1035743,
1041643,
1042687,
1046527,
1073563,
1079779,
1084051,
1086091,
1089427,
1096307,
1110587,
1112131,
1114111,
1116091,
1120211,
1123211,
1127359,
1130579,
1131131,
1133287,
1140091,
1148527,
1150511,
1150651,
1156451,
1160911,
1166083,
1166603,
1166639,
1175711,
1178711,
1180691,
1180811,
1182451,
1183811,
1190611,
1199719,
1199999,
1222003,
1230127,
1230547,
1230587,
1233527,
1235711,
1237547,
1241087,
1245191,
1257787,
1258723,
1265347,
1278191,
1290719,
1300031,
1303031,
1304539,
1310383,
1311251,
1313579,
1317131,
1335331,
1359731,
1369391,
1370359,
1370471,
1370503,
1372051,
1376899,
1397531,
1407727,
1423183,
1425527,
1428571,
1434131,
1452863,
1457663,
1508051,
1541707,
1546463,
1548359,
1556551,
1572751,
1579751,
1618931,
1662803,
1666043,
1676267,
1690691,
1690811,
1728971,
1737311,
1758719,
1776839,
1777771,
1790531,
1791731,
1865491,
1866091,
1909091,
1930199,
1930927,
1934063,
1936391,
1968751,
1998691,
2000003,
2017963,
2027023,
2071723,
2074547,
2099191,
2101243,
2101247,
2124679,
2170043,
2187343,
2210983,
2221771,
2222239,
2222243,
2243399,
2275327,
2335667,
2381963,
2495443,
2499751,
2499967,
2532799,
2575723,
2580647,
2614159,
2640919,
2666663,
2667883,
2685667,
2696063,
2737523,
2796203,
2804639,
2841011,
2895463,
2898239,
2921623,
3001003,
3002003,
3024683,
3036643,
3069863,
3073703,
3086791,
3101311,
3118691,
3174823,
3211123,
3222223,
3223223,
3241423,
3250619,
3263443,
3291923,
3301819,
3330427,
3357199,
3368899,
3420839,
3466643,
3468667,
3470743,
3598867,
3599111,
3612703,
3628811,
3698963,
3863683,
3951371,
3989683,
4031399,
4160491,
4441939,
4460899,
4632647,
4690451,
4695947,
4777463,
4940867,
4956151,
4999999,
5020307,
5048423,
5111723,
5133127,
5224903,
5291479,
5375327,
5491763,
5521819,
5666783,
5713159,
5766667,
5780507,
5864203,
5916623,
5919931,
5939831,
5958767,
6010619,
6082007,
6098011,
6100019,
6101899,
6108019,
6189107,
6284963,
6462667,
6562307,
6608099,
6610819,
6648647,
6661111,
6773999,
6831107,
6866683,
6880691,
6918011,
7005359,
7012367,
7034003,
7060511,
7180223,
7230331,
7304107,
7393931,
7453639,
7505063,
7519907,
7628323,
7654223,
7654567,
7693967,
7703639,
7712503,
7716119,
7718671,
7752103,
7777171,
7794467,
7833887,
7865687,
7921891,
8071171,
8230543,
8620739,
8627527,
8686679,
8765423,
8877691,
9106891,
9136319,
9149419,
9165151,
9171787,
9230587,
9367291,
9375739,
9397939,
9537371,
9557887,
9600883,
9687523,
9699667,
9709079,
9753179,
9788879,
9795391,
9843019,
9852103,
9864203,
9884999,
9916199,
9970531,
9999991,
